{"name":"Darleen","gender":"F","age":35,"city":"New york","ssn":"940-40-2137"}
{"name":"Dara","gender":"F","age":27,"city":"Dallas","ssn":"923-83-5563"}
{"name":"Floy","gender":"F","age":24,"city":"New york","ssn":"935-40-2967"}
{"name":"Dotty","gender":"F","age":55,"city":"Dallas","ssn":"992-10-1262"}
{"name":"Sherel","gender":"F","age":41,"city":"New york","ssn":"989-16-1381"}
{"name":"Tanisha","gender":"F","age":25,"city":"New york","ssn":"958-68-7934"}
{"name":"Jenette","gender":"F","age":32,"city":"Dallas","ssn":"905-92-5978"}
{"name":"Louisa","gender":"F","age":29,"city":"New york","ssn":"993-42-5846"}
{"name":"Mark","gender":"M","age":40,"city":"New york","ssn":"941-34-2522"}
{"name":"Ben","gender":"M","age":30,"city":"Dallas","ssn":"968-22-1158"}
{"name":"Chris","gender":"M","age":36,"city":"New york","ssn":"963-43-1866"}
{"name":"Geetha","gender":"F","age":35,"city":"New york","ssn":"942-40-2137"}
{"name":"Tara","gender":"F","age":27,"city":"Dallas","ssn":"903-83-5563"}
{"name":"Flex","gender":"F","age":24,"city":"New york","ssn":"935-40-2900"}
{"name":"Dony","gender":"F","age":55,"city":"Dallas","ssn":"912-11-1262"}
{"name":"Shelly","gender":"F","age":41,"city":"New york","ssn":"909-96-1301"}
{"name":"Tom","gender":"F","age":25,"city":"New york","ssn":"950-60-7034"}
{"name":"Jenny","gender":"F","age":32,"city":"Dallas","ssn":"900-90-5001"}
{"name":"Lorrie","gender":"F","age":29,"city":"New york","ssn":"990-02-0846"}
{"name":"Marshal","gender":"M","age":40,"city":"New york","ssn":"908-04-2022"}
{"name":"Benny","gender":"M","age":30,"city":"Dallas","ssn":"918-22-1198"}
{"name":"Christie","gender":"M","age":36,"city":"New york","ssn":"913-93-1800"}
